100000_CHM13.pri	XY	CHM13	.	.	.	.
120001_CN1.pat	Y	CN1	M	EastAsia	.	China
120002_CN1.mat	X	CN1	M	EastAsia	.	China
120005_KSA001.pat	X	KSA001	F	WestEurasia	.	SaudiArabia
120006_KSA001.mat	X	KSA001	F	WestEurasia	.	SaudiArabia
120007_I002C.pat	Y	I002C	M	SouthAsia	.	India
120008_I002C.mat	X	I002C	M	SouthAsia	.	India
120009_KOREF1.pat	Y	KOREF1	M	EastAsia	.	SouthKorea
120010_KOREF1.mat	X	KOREF1	M	EastAsia	.	SouthKorea
120011_YAO.pat	Y	YAO	M	EastAsia	.	China
120012_YAO.mat	X	YAO	M	EastAsia	.	China
200001_HG002.pat	Y	HG002	M	.	.	.
200002_HG002.mat	X	HG002	M	.	.	.
200003_HG06807.pat	X	HG06807	F	.	ASL	.
200004_HG06807.mat	X	HG06807	F	.	ASL	.
200005_HG00408.pat	X	HG00408	F	EastAsia	CHS	.
200006_HG00408.mat	X	HG00408	F	EastAsia	CHS	.
200007_HG00423.pat	X	HG00423	F	EastAsia	CHS	.
200008_HG00423.mat	X	HG00423	F	EastAsia	CHS	.
200009_HG00438.pat	X	HG00438	F	EastAsia	CHS	.
200010_HG00438.mat	X	HG00438	F	EastAsia	CHS	.
200011_HG00544.pat	X	HG00544	F	EastAsia	CHS	.
200012_HG00544.mat	X	HG00544	F	EastAsia	CHS	.
200013_HG00558.pat	X	HG00558	F	EastAsia	CHS	.
200014_HG00558.mat	X	HG00558	F	EastAsia	CHS	.
200015_HG00597.pat	X	HG00597	F	EastAsia	CHS	.
200016_HG00597.mat	X	HG00597	F	EastAsia	CHS	.
200017_HG005.pat	Y	HG005	M	EastAsia	.	.
200018_HG005.mat	X	HG005	M	EastAsia	.	.
200019_HG00609.pat	Y	HG00609	M	EastAsia	CHS	.
200020_HG00609.mat	X	HG00609	M	EastAsia	CHS	.
200021_HG00621.pat	Y	HG00621	M	EastAsia	CHS	.
200022_HG00621.mat	X	HG00621	M	EastAsia	CHS	.
200023_HG00639.pat	X	HG00639	F	America	PUR	.
200024_HG00639.mat	X	HG00639	F	America	PUR	.
200025_HG00642.pat	Y	HG00642	M	America	PUR	.
200026_HG00642.mat	X	HG00642	M	America	PUR	.
200027_HG00658.pat	Y	HG00658	M	EastAsia	CHS	.
200028_HG00658.mat	X	HG00658	M	EastAsia	CHS	.
200029_HG00673.pat	Y	HG00673	M	EastAsia	CHS	.
200030_HG00673.mat	X	HG00673	M	EastAsia	CHS	.
200031_HG00706.pat	Y	HG00706	M	EastAsia	CHS	.
200032_HG00706.mat	X	HG00706	M	EastAsia	CHS	.
200033_HG00733.pat	X	HG00733	F	America	PUR	.
200034_HG00733.mat	X	HG00733	F	America	PUR	.
200035_HG00735.pat	X	HG00735	F	America	PUR	.
200036_HG00735.mat	X	HG00735	F	America	PUR	.
200037_HG00738.pat	Y	HG00738	M	America	PUR	.
200038_HG00738.mat	X	HG00738	M	America	PUR	.
200039_HG00741.pat	X	HG00741	F	America	PUR	.
200040_HG00741.mat	X	HG00741	F	America	PUR	.
200041_HG01071.pat	X	HG01071	F	America	PUR	.
200042_HG01071.mat	X	HG01071	F	America	PUR	.
200043_HG01074.pat	Y	HG01074	M	America	PUR	.
200044_HG01074.mat	X	HG01074	M	America	PUR	.
200045_HG01081.pat	X	HG01081	F	America	PUR	.
200046_HG01081.mat	X	HG01081	F	America	PUR	.
200047_HG01099.pat	Y	HG01099	M	America	PUR	.
200048_HG01099.mat	X	HG01099	M	America	PUR	.
200049_HG01106.pat	Y	HG01106	M	America	PUR	.
200050_HG01106.mat	X	HG01106	M	America	PUR	.
200051_HG01109.pat	Y	HG01109	M	America	PUR	.
200052_HG01109.mat	X	HG01109	M	America	PUR	.
200053_HG01123.pat	X	HG01123	F	America	CLM	.
200054_HG01123.mat	X	HG01123	F	America	CLM	.
200055_HG01150.pat	X	HG01150	F	America	CLM	.
200056_HG01150.mat	X	HG01150	F	America	CLM	.
200057_HG01175.pat	X	HG01175	F	America	PUR	.
200058_HG01175.mat	X	HG01175	F	America	PUR	.
200059_HG01192.pat	Y	HG01192	M	America	PUR	.
200060_HG01192.mat	X	HG01192	M	America	PUR	.
200061_HG01243.pat	Y	HG01243	M	America	PUR	.
200062_HG01243.mat	X	HG01243	M	America	PUR	.
200063_HG01252.pat	Y	HG01252	M	America	CLM	.
200064_HG01252.mat	X	HG01252	M	America	CLM	.
200065_HG01255.pat	Y	HG01255	M	America	CLM	.
200066_HG01255.mat	X	HG01255	M	America	CLM	.
200067_HG01258.pat	Y	HG01258	M	America	CLM	.
200068_HG01258.mat	X	HG01258	M	America	CLM	.
200069_HG01261.pat	Y	HG01261	M	America	CLM	.
200070_HG01261.mat	X	HG01261	M	America	CLM	.
200071_HG01346.pat	X	HG01346	F	America	CLM	.
200072_HG01346.mat	X	HG01346	F	America	CLM	.
200073_HG01358.pat	Y	HG01358	M	America	CLM	.
200074_HG01358.mat	X	HG01358	M	America	CLM	.
200075_HG01361.pat	X	HG01361	F	America	CLM	.
200076_HG01361.mat	X	HG01361	F	America	CLM	.
200077_HG01433.pat	Y	HG01433	M	America	CLM	.
200078_HG01433.mat	X	HG01433	M	America	CLM	.
200079_HG01496.pat	X	HG01496	F	America	CLM	.
200080_HG01496.mat	X	HG01496	F	America	CLM	.
200081_HG01884.pat	X	HG01884	F	Africa	ACB	.
200082_HG01884.mat	X	HG01884	F	Africa	ACB	.
200083_HG01891.pat	X	HG01891	F	Africa	ACB	.
200084_HG01891.mat	X	HG01891	F	Africa	ACB	.
200085_HG01928.pat	Y	HG01928	M	America	PEL	.
200086_HG01928.mat	X	HG01928	M	America	PEL	.
200087_HG01934.pat	Y	HG01934	M	America	PEL	.
200088_HG01934.mat	X	HG01934	M	America	PEL	.
200089_HG01940.pat	X	HG01940	F	America	PEL	.
200090_HG01940.mat	X	HG01940	F	America	PEL	.
200091_HG01943.pat	Y	HG01943	M	America	PEL	.
200092_HG01943.mat	X	HG01943	M	America	PEL	.
200093_HG01952.pat	Y	HG01952	M	America	PEL	.
200094_HG01952.mat	X	HG01952	M	America	PEL	.
200095_HG01960.pat	X	HG01960	F	Africa	ACB	.
200096_HG01960.mat	X	HG01960	F	Africa	ACB	.
200097_HG01969.pat	X	HG01969	F	America	PEL	.
200098_HG01969.mat	X	HG01969	F	America	PEL	.
200099_HG01975.pat	X	HG01975	F	America	PEL	.
200100_HG01975.mat	X	HG01975	F	America	PEL	.
200101_HG01981.pat	X	HG01981	F	America	PEL	.
200102_HG01981.mat	X	HG01981	F	America	PEL	.
200103_HG01993.pat	X	HG01993	F	America	PEL	.
200104_HG01993.mat	X	HG01993	F	America	PEL	.
200105_HG02004.pat	X	HG02004	F	America	PEL	.
200106_HG02004.mat	X	HG02004	F	America	PEL	.
200107_HG02015.pat	Y	HG02015	M	EastAsia	KHV	.
200108_HG02015.mat	X	HG02015	M	EastAsia	KHV	.
200109_HG02027.pat	Y	HG02027	M	EastAsia	KHV	.
200110_HG02027.mat	X	HG02027	M	EastAsia	KHV	.
200111_HG02055.pat	Y	HG02055	M	Africa	ACB	.
200112_HG02055.mat	X	HG02055	M	Africa	ACB	.
200113_HG02056.pat	Y	HG02056	M	EastAsia	KHV	.
200114_HG02056.mat	X	HG02056	M	EastAsia	KHV	.
200115_HG02071.pat	Y	HG02071	M	EastAsia	KHV	.
200116_HG02071.mat	X	HG02071	M	EastAsia	KHV	.
200117_HG02074.pat	Y	HG02074	M	EastAsia	KHV	.
200118_HG02074.mat	X	HG02074	M	EastAsia	KHV	.
200119_HG02080.pat	X	HG02080	F	EastAsia	KHV	.
200120_HG02080.mat	X	HG02080	F	EastAsia	KHV	.
200121_HG02083.pat	Y	HG02083	M	EastAsia	KHV	.
200122_HG02083.mat	X	HG02083	M	EastAsia	KHV	.
200123_HG02109.pat	X	HG02109	F	Africa	ACB	.
200124_HG02109.mat	X	HG02109	F	Africa	ACB	.
200125_HG02129.pat	Y	HG02129	M	EastAsia	KHV	.
200126_HG02129.mat	X	HG02129	M	EastAsia	KHV	.
200127_HG02132.pat	Y	HG02132	M	EastAsia	KHV	.
200128_HG02132.mat	X	HG02132	M	EastAsia	KHV	.
200129_HG02135.pat	Y	HG02135	M	EastAsia	KHV	.
200130_HG02135.mat	X	HG02135	M	EastAsia	KHV	.
200131_HG02145.pat	Y	HG02145	M	Africa	ACB	.
200132_HG02145.mat	X	HG02145	M	Africa	ACB	.
200133_HG02148.pat	X	HG02148	F	America	PEL	.
200134_HG02148.mat	X	HG02148	F	America	PEL	.
200135_HG02258.pat	Y	HG02258	M	Africa	ACB	.
200136_HG02258.mat	X	HG02258	M	Africa	ACB	.
200137_HG02280.pat	X	HG02280	F	Africa	ACB	.
200138_HG02280.mat	X	HG02280	F	Africa	ACB	.
200139_HG02293.pat	X	HG02293	F	America	PEL	.
200140_HG02293.mat	X	HG02293	F	America	PEL	.
200141_HG02300.pat	X	HG02300	F	America	PEL	.
200142_HG02300.mat	X	HG02300	F	America	PEL	.
200143_HG02451.pat	X	HG02451	F	Africa	ACB	.
200144_HG02451.mat	X	HG02451	F	Africa	ACB	.
200145_HG02486.pat	Y	HG02486	M	Africa	ACB	.
200146_HG02486.mat	X	HG02486	M	Africa	ACB	.
200147_HG02514.pat	Y	HG02514	M	EastAsia	KHV	.
200148_HG02514.mat	X	HG02514	M	EastAsia	KHV	.
200149_HG02523.pat	X	HG02523	F	EastAsia	KHV	.
200150_HG02523.mat	X	HG02523	F	EastAsia	KHV	.
200151_HG02559.pat	X	HG02559	F	Africa	ACB	.
200152_HG02559.mat	X	HG02559	F	Africa	ACB	.
200153_HG02572.pat	Y	HG02572	M	Africa	GWD	.
200154_HG02572.mat	X	HG02572	M	Africa	GWD	.
200155_HG02602.pat	Y	HG02602	M	SouthAsia	PJL	.
200156_HG02602.mat	X	HG02602	M	SouthAsia	PJL	.
200157_HG02615.pat	X	HG02615	F	Africa	GWD	.
200158_HG02615.mat	X	HG02615	F	Africa	GWD	.
200159_HG02622.pat	X	HG02622	F	Africa	GWD	.
200160_HG02622.mat	X	HG02622	F	Africa	GWD	.
200161_HG02630.pat	X	HG02630	F	Africa	GWD	.
200162_HG02630.mat	X	HG02630	F	Africa	GWD	.
200163_HG02647.pat	Y	HG02647	M	Africa	GWD	.
200164_HG02647.mat	X	HG02647	M	Africa	GWD	.
200165_HG02668.pat	Y	HG02668	M	Africa	GWD	.
200166_HG02668.mat	X	HG02668	M	Africa	GWD	.
200167_HG02698.pat	Y	HG02698	M	SouthAsia	PJL	.
200168_HG02698.mat	X	HG02698	M	SouthAsia	PJL	.
200169_HG02717.pat	Y	HG02717	M	Africa	GWD	.
200170_HG02717.mat	X	HG02717	M	Africa	GWD	.
200171_HG02723.pat	X	HG02723	F	Africa	GWD	.
200172_HG02723.mat	X	HG02723	F	Africa	GWD	.
200173_HG02735.pat	Y	HG02735	M	SouthAsia	PJL	.
200174_HG02735.mat	X	HG02735	M	SouthAsia	PJL	.
200175_HG02738.pat	Y	HG02738	M	SouthAsia	PJL	.
200176_HG02738.mat	X	HG02738	M	SouthAsia	PJL	.
200177_HG02809.pat	X	HG02809	F	Africa	GWD	.
200178_HG02809.mat	X	HG02809	F	Africa	GWD	.
200179_HG02818.pat	X	HG02818	F	Africa	GWD	.
200180_HG02818.mat	X	HG02818	F	Africa	GWD	.
200181_HG02841.pat	X	HG02841	F	Africa	GWD	.
200182_HG02841.mat	X	HG02841	F	Africa	GWD	.
200183_HG02886.pat	X	HG02886	F	Africa	GWD	.
200184_HG02886.mat	X	HG02886	F	Africa	GWD	.
200185_HG02984.pat	Y	HG02984	M	Africa	GWD	.
200186_HG02984.mat	X	HG02984	M	Africa	GWD	.
200187_HG03017.pat	Y	HG03017	M	SouthAsia	PJL	.
200188_HG03017.mat	X	HG03017	M	SouthAsia	PJL	.
200189_HG03041.pat	X	HG03041	F	Africa	GWD	.
200190_HG03041.mat	X	HG03041	F	Africa	GWD	.
200191_HG03050.pat	Y	HG03050	M	Africa	GWD	.
200192_HG03050.mat	X	HG03050	M	Africa	GWD	.
200193_HG03098.pat	Y	HG03098	M	Africa	MSL	.
200194_HG03098.mat	X	HG03098	M	Africa	MSL	.
200195_HG03239.pat	X	HG03239	F	SouthAsia	PJL	.
200196_HG03239.mat	X	HG03239	F	SouthAsia	PJL	.
200197_HG03453.pat	X	HG03453	F	Africa	MSL	.
200198_HG03453.mat	X	HG03453	F	Africa	MSL	.
200199_HG03486.pat	X	HG03486	F	Africa	MSL	.
200200_HG03486.mat	X	HG03486	F	Africa	MSL	.
200201_HG03540.pat	X	HG03540	F	Africa	GWD	.
200202_HG03540.mat	X	HG03540	F	Africa	GWD	.
200203_HG03579.pat	Y	HG03579	M	Africa	MSL	.
200204_HG03579.mat	X	HG03579	M	Africa	MSL	.
200205_HG03654.pat	Y	HG03654	M	SouthAsia	PJL	.
200206_HG03654.mat	X	HG03654	M	SouthAsia	PJL	.
200207_HG03669.pat	X	HG03669	F	SouthAsia	PJL	.
200208_HG03669.mat	X	HG03669	F	SouthAsia	PJL	.
200209_HG03688.pat	Y	HG03688	M	SouthAsia	STU	.
200210_HG03688.mat	X	HG03688	M	SouthAsia	STU	.
200211_HG03704.pat	X	HG03704	F	SouthAsia	PJL	.
200212_HG03704.mat	X	HG03704	F	SouthAsia	PJL	.
200213_HG03710.pat	Y	HG03710	M	SouthAsia	PJL	.
200214_HG03710.mat	X	HG03710	M	SouthAsia	PJL	.
200215_HG03804.pat	X	HG03804	F	SouthAsia	BEB	.
200216_HG03804.mat	X	HG03804	F	SouthAsia	BEB	.
200217_HG03816.pat	X	HG03816	F	SouthAsia	BEB	.
200218_HG03816.mat	X	HG03816	F	SouthAsia	BEB	.
200219_HG03831.pat	X	HG03831	F	SouthAsia	BEB	.
200220_HG03831.mat	X	HG03831	F	SouthAsia	BEB	.
200221_HG03834.pat	X	HG03834	F	SouthAsia	BEB	.
200222_HG03834.mat	X	HG03834	F	SouthAsia	BEB	.
200223_HG03927.pat	X	HG03927	F	SouthAsia	BEB	.
200224_HG03927.mat	X	HG03927	F	SouthAsia	BEB	.
200225_HG03942.pat	Y	HG03942	M	SouthAsia	BEB	.
200226_HG03942.mat	X	HG03942	M	SouthAsia	BEB	.
200227_HG04115.pat	Y	HG04115	M	SouthAsia	STU	.
200228_HG04115.mat	X	HG04115	M	SouthAsia	STU	.
200229_HG04157.pat	Y	HG04157	M	SouthAsia	BEB	.
200230_HG04157.mat	X	HG04157	M	SouthAsia	BEB	.
200231_HG04160.pat	Y	HG04160	M	SouthAsia	BEB	.
200232_HG04160.mat	X	HG04160	M	SouthAsia	BEB	.
200233_HG04184.pat	X	HG04184	F	SouthAsia	BEB	.
200234_HG04184.mat	X	HG04184	F	SouthAsia	BEB	.
200235_HG04187.pat	Y	HG04187	M	SouthAsia	BEB	.
200236_HG04187.mat	X	HG04187	M	SouthAsia	BEB	.
200237_HG04199.pat	Y	HG04199	M	SouthAsia	STU	.
200238_HG04199.mat	X	HG04199	M	SouthAsia	STU	.
200239_HG04204.pat	Y	HG04204	M	SouthAsia	STU	.
200240_HG04204.mat	X	HG04204	M	SouthAsia	STU	.
200241_HG04228.pat	Y	HG04228	M	SouthAsia	STU	.
200242_HG04228.mat	X	HG04228	M	SouthAsia	STU	.
200243_NA18906.pat	X	NA18906	F	Africa	YRI	.
200244_NA18906.mat	X	NA18906	F	Africa	YRI	.
200245_NA19240.pat	X	NA19240	F	Africa	YRI	.
200246_NA19240.mat	X	NA19240	F	Africa	YRI	.
200247_NA20129.pat	X	NA20129	F	Africa	ASW	.
200248_NA20129.mat	X	NA20129	F	Africa	ASW	.
200249_NA21309.pat	X	NA21309	F	Africa	MKK	.
200250_NA21309.mat	X	NA21309	F	Africa	MKK	.
200251_HG01978.pat	X	HG01978	F	America	PEL	.
200252_HG01978.mat	X	HG01978	F	America	PEL	.
200253_HG02257.pat	X	HG02257	F	Africa	ACB	.
200254_HG02257.mat	X	HG02257	F	Africa	ACB	.
200255_HG03516.pat	X	HG03516	F	Africa	ESN	.
200256_HG03516.mat	X	HG03516	F	Africa	ESN	.
200257_HG00097.hap1	X	HG00097	F	WestEurasia	GBR	.
200258_HG00097.hap2	X	HG00097	F	WestEurasia	GBR	.
200259_HG00099.hap1	X	HG00099	F	WestEurasia	GBR	.
200260_HG00099.hap2	X	HG00099	F	WestEurasia	GBR	.
200261_HG00126.hap1	Y	HG00126	M	WestEurasia	GBR	.
200262_HG00126.hap2	X	HG00126	M	WestEurasia	GBR	.
200263_HG00128.hap1	X	HG00128	F	WestEurasia	GBR	.
200264_HG00128.hap2	X	HG00128	F	WestEurasia	GBR	.
200265_HG00133.hap1	X	HG00133	F	WestEurasia	GBR	.
200266_HG00133.hap2	X	HG00133	F	WestEurasia	GBR	.
200267_HG00140.hap1	Y	HG00140	M	WestEurasia	GBR	.
200268_HG00140.hap2	X	HG00140	M	WestEurasia	GBR	.
200269_HG00146.hap1	X	HG00146	F	WestEurasia	GBR	.
200270_HG00146.hap2	X	HG00146	F	WestEurasia	GBR	.
200271_HG00232.hap1	X	HG00232	F	WestEurasia	GBR	.
200272_HG00232.hap2	X	HG00232	F	WestEurasia	GBR	.
200273_HG00235.hap1	X	HG00235	F	WestEurasia	GBR	.
200274_HG00235.hap2	X	HG00235	F	WestEurasia	GBR	.
200275_HG00253.hap1	X	HG00253	F	WestEurasia	GBR	.
200276_HG00253.hap2	X	HG00253	F	WestEurasia	GBR	.
200277_HG00272.hap1	X	HG00272	F	WestEurasia	FIN	.
200278_HG00272.hap2	X	HG00272	F	WestEurasia	FIN	.
200279_HG00280.hap1	Y	HG00280	M	WestEurasia	FIN	.
200280_HG00280.hap2	X	HG00280	M	WestEurasia	FIN	.
200281_HG00290.hap1	Y	HG00290	M	WestEurasia	FIN	.
200282_HG00290.hap2	X	HG00290	M	WestEurasia	FIN	.
200283_HG00320.hap1	X	HG00320	F	WestEurasia	FIN	.
200284_HG00320.hap2	X	HG00320	F	WestEurasia	FIN	.
200285_HG00321.hap1	Y	HG00321	M	WestEurasia	FIN	.
200286_HG00321.hap2	X	HG00321	M	WestEurasia	FIN	.
200287_HG00323.hap1	X	HG00323	F	WestEurasia	FIN	.
200288_HG00323.hap2	X	HG00323	F	WestEurasia	FIN	.
200289_HG00329.hap1	Y	HG00329	M	WestEurasia	FIN	.
200290_HG00329.hap2	X	HG00329	M	WestEurasia	FIN	.
200291_HG00344.hap1	X	HG00344	F	WestEurasia	FIN	.
200292_HG00344.hap2	X	HG00344	F	WestEurasia	FIN	.
200293_HG00350.hap1	X	HG00350	F	WestEurasia	FIN	.
200294_HG00350.hap2	X	HG00350	F	WestEurasia	FIN	.
200295_HG01167.hap1	Y	HG01167	M	America	PUR	.
200296_HG01167.hap2	X	HG01167	M	America	PUR	.
200297_HG01530.hap1	Y	HG01530	M	WestEurasia	IBS	.
200298_HG01530.hap2	X	HG01530	M	WestEurasia	IBS	.
200299_HG01784.hap1	X	HG01784	F	WestEurasia	IBS	.
200300_HG01784.hap2	X	HG01784	F	WestEurasia	IBS	.
200301_HG01786.hap1	X	HG01786	F	WestEurasia	IBS	.
200302_HG01786.hap2	X	HG01786	F	WestEurasia	IBS	.
200303_HG02040.hap1	Y	HG02040	M	EastAsia	KHV	.
200304_HG02040.hap2	X	HG02040	M	EastAsia	KHV	.
200305_HG02155.hap1	X	HG02155	F	EastAsia	CDX	.
200306_HG02155.hap2	X	HG02155	F	EastAsia	CDX	.
200307_HG02165.hap1	X	HG02165	F	EastAsia	CDX	.
200308_HG02165.hap2	X	HG02165	F	EastAsia	CDX	.
200309_HG02178.hap1	X	HG02178	F	EastAsia	CDX	.
200310_HG02178.hap2	X	HG02178	F	EastAsia	CDX	.
200311_HG02273.hap1	X	HG02273	F	America	PEL	.
200312_HG02273.hap2	X	HG02273	F	America	PEL	.
200313_HG02391.hap1	Y	HG02391	M	EastAsia	CDX	.
200314_HG02391.hap2	X	HG02391	M	EastAsia	CDX	.
200315_HG02392.hap1	Y	HG02392	M	EastAsia	CDX	.
200316_HG02392.hap2	X	HG02392	M	EastAsia	CDX	.
200317_HG02583.hap1	X	HG02583	F	Africa	GWD	.
200318_HG02583.hap2	X	HG02583	F	Africa	GWD	.
200319_HG02922.hap1	X	HG02922	F	Africa	ESN	.
200320_HG02922.hap2	X	HG02922	F	Africa	ESN	.
200321_HG02965.hap1	Y	HG02965	M	Africa	ESN	.
200322_HG02965.hap2	X	HG02965	M	Africa	ESN	.
200323_HG02976.hap1	X	HG02976	F	Africa	ESN	.
200324_HG02976.hap2	X	HG02976	F	Africa	ESN	.
200325_HG03130.hap1	Y	HG03130	M	Africa	ESN	.
200326_HG03130.hap2	X	HG03130	M	Africa	ESN	.
200327_HG03139.hap1	Y	HG03139	M	Africa	ESN	.
200328_HG03139.hap2	X	HG03139	M	Africa	ESN	.
200329_HG03195.hap1	X	HG03195	F	Africa	ESN	.
200330_HG03195.hap2	X	HG03195	F	Africa	ESN	.
200331_HG03209.hap1	Y	HG03209	M	Africa	MSL	.
200332_HG03209.hap2	X	HG03209	M	Africa	MSL	.
200333_HG03225.hap1	Y	HG03225	M	Africa	MSL	.
200334_HG03225.hap2	X	HG03225	M	Africa	MSL	.
200335_HG03270.hap1	X	HG03270	F	Africa	ESN	.
200336_HG03270.hap2	X	HG03270	F	Africa	ESN	.
200337_HG03369.hap1	X	HG03369	F	Africa	ESN	.
200338_HG03369.hap2	X	HG03369	F	Africa	ESN	.
200339_HG03470.hap1	X	HG03470	F	Africa	MSL	.
200340_HG03470.hap2	X	HG03470	F	Africa	MSL	.
200341_HG03471.hap1	Y	HG03471	M	Africa	MSL	.
200342_HG03471.hap2	X	HG03471	M	Africa	MSL	.
200343_HG03521.hap1	Y	HG03521	M	Africa	ESN	.
200344_HG03521.hap2	X	HG03521	M	Africa	ESN	.
200345_HG03583.hap1	X	HG03583	F	Africa	MSL	.
200346_HG03583.hap2	X	HG03583	F	Africa	MSL	.
200347_HG03742.hap1	Y	HG03742	M	SouthAsia	ITU	.
200348_HG03742.hap2	X	HG03742	M	SouthAsia	ITU	.
200349_HG03784.hap1	X	HG03784	F	SouthAsia	ITU	.
200350_HG03784.hap2	X	HG03784	F	SouthAsia	ITU	.
200351_HG03874.hap1	X	HG03874	F	SouthAsia	ITU	.
200352_HG03874.hap2	X	HG03874	F	SouthAsia	ITU	.
200353_NA18505.hap1	X	NA18505	F	Africa	YRI	.
200354_NA18505.hap2	X	NA18505	F	Africa	YRI	.
200355_NA18508.hap1	X	NA18508	F	Africa	YRI	.
200356_NA18508.hap2	X	NA18508	F	Africa	YRI	.
200357_NA18522.hap1	Y	NA18522	M	Africa	YRI	.
200358_NA18522.hap2	X	NA18522	M	Africa	YRI	.
200359_NA18565.hap1	X	NA18565	F	EastAsia	CHB	.
200360_NA18565.hap2	X	NA18565	F	EastAsia	CHB	.
200361_NA18570.hap1	X	NA18570	F	EastAsia	CHB	.
200362_NA18570.hap2	X	NA18570	F	EastAsia	CHB	.
200363_NA18608.hap1	Y	NA18608	M	EastAsia	CHB	.
200364_NA18608.hap2	X	NA18608	M	EastAsia	CHB	.
200365_NA18620.hap1	Y	NA18620	M	EastAsia	CHB	.
200366_NA18620.hap2	X	NA18620	M	EastAsia	CHB	.
200367_NA18747.hap1	Y	NA18747	M	EastAsia	CHB	.
200368_NA18747.hap2	X	NA18747	M	EastAsia	CHB	.
200369_NA18879.hap1	Y	NA18879	M	Africa	YRI	.
200370_NA18879.hap2	X	NA18879	M	Africa	YRI	.
200371_NA18940.hap1	Y	NA18940	M	EastAsia	JPT	.
200372_NA18940.hap2	X	NA18940	M	EastAsia	JPT	.
200373_NA18943.hap1	Y	NA18943	M	EastAsia	JPT	.
200374_NA18943.hap2	X	NA18943	M	EastAsia	JPT	.
200375_NA18944.hap1	Y	NA18944	M	EastAsia	JPT	.
200376_NA18944.hap2	X	NA18944	M	EastAsia	JPT	.
200377_NA18945.hap1	Y	NA18945	M	EastAsia	JPT	.
200378_NA18945.hap2	X	NA18945	M	EastAsia	JPT	.
200379_NA18948.hap1	Y	NA18948	M	EastAsia	JPT	.
200380_NA18948.hap2	X	NA18948	M	EastAsia	JPT	.
200381_NA18952.hap1	Y	NA18952	M	EastAsia	JPT	.
200382_NA18952.hap2	X	NA18952	M	EastAsia	JPT	.
200383_NA18959.hap1	Y	NA18959	M	EastAsia	JPT	.
200384_NA18959.hap2	X	NA18959	M	EastAsia	JPT	.
200385_NA18960.hap1	Y	NA18960	M	EastAsia	JPT	.
200386_NA18960.hap2	X	NA18960	M	EastAsia	JPT	.
200387_NA18967.hap1	Y	NA18967	M	EastAsia	JPT	.
200388_NA18967.hap2	X	NA18967	M	EastAsia	JPT	.
200389_NA18970.hap1	Y	NA18970	M	EastAsia	JPT	.
200390_NA18970.hap2	X	NA18970	M	EastAsia	JPT	.
200391_NA18971.hap1	Y	NA18971	M	EastAsia	JPT	.
200392_NA18971.hap2	X	NA18971	M	EastAsia	JPT	.
200393_NA18974.hap1	Y	NA18974	M	EastAsia	JPT	.
200394_NA18974.hap2	X	NA18974	M	EastAsia	JPT	.
200395_NA18976.hap1	X	NA18976	F	EastAsia	JPT	.
200396_NA18976.hap2	X	NA18976	F	EastAsia	JPT	.
200397_NA18982.hap1	Y	NA18982	M	EastAsia	JPT	.
200398_NA18982.hap2	X	NA18982	M	EastAsia	JPT	.
200399_NA18983.hap1	Y	NA18983	M	EastAsia	JPT	.
200400_NA18983.hap2	X	NA18983	M	EastAsia	JPT	.
200401_NA19036.hap1	X	NA19036	F	Africa	LWK	.
200402_NA19036.hap2	X	NA19036	F	Africa	LWK	.
200403_NA19043.hap1	Y	NA19043	M	Africa	LWK	.
200404_NA19043.hap2	X	NA19043	M	Africa	LWK	.
200405_NA19087.hap1	X	NA19087	F	EastAsia	JPT	.
200406_NA19087.hap2	X	NA19087	F	EastAsia	JPT	.
200407_NA19159.hap1	X	NA19159	F	Africa	YRI	.
200408_NA19159.hap2	X	NA19159	F	Africa	YRI	.
200409_NA19185.hap1	X	NA19185	F	Africa	YRI	.
200410_NA19185.hap2	X	NA19185	F	Africa	YRI	.
200411_NA19338.hap1	X	NA19338	F	Africa	LWK	.
200412_NA19338.hap2	X	NA19338	F	Africa	LWK	.
200413_NA19391.hap1	X	NA19391	F	Africa	LWK	.
200414_NA19391.hap2	X	NA19391	F	Africa	LWK	.
200415_NA19443.hap1	Y	NA19443	M	Africa	LWK	.
200416_NA19443.hap2	X	NA19443	M	Africa	LWK	.
200417_NA19468.hap1	X	NA19468	F	Africa	LWK	.
200418_NA19468.hap2	X	NA19468	F	Africa	LWK	.
200419_NA19682.hap1	Y	NA19682	M	America	MXL	.
200420_NA19682.hap2	X	NA19682	M	America	MXL	.
200421_NA19700.hap1	Y	NA19700	M	Africa	ASW	.
200422_NA19700.hap2	X	NA19700	M	Africa	ASW	.
200423_NA19776.hap1	X	NA19776	F	America	MXL	.
200424_NA19776.hap2	X	NA19776	F	America	MXL	.
200425_NA19835.hap1	X	NA19835	F	Africa	ASW	.
200426_NA19835.hap2	X	NA19835	F	Africa	ASW	.
200427_NA19909.hap1	X	NA19909	F	Africa	ASW	.
200428_NA19909.hap2	X	NA19909	F	Africa	ASW	.
200429_NA20282.hap1	X	NA20282	F	Africa	ASW	.
200430_NA20282.hap2	X	NA20282	F	Africa	ASW	.
200431_NA20346.hap1	Y	NA20346	M	Africa	ASW	.
200432_NA20346.hap2	X	NA20346	M	Africa	ASW	.
200433_NA20503.hap1	X	NA20503	F	WestEurasia	TSI	.
200434_NA20503.hap2	X	NA20503	F	WestEurasia	TSI	.
200435_NA20752.hap1	Y	NA20752	M	WestEurasia	TSI	.
200436_NA20752.hap2	X	NA20752	M	WestEurasia	TSI	.
200437_NA20762.hap1	Y	NA20762	M	WestEurasia	TSI	.
200438_NA20762.hap2	X	NA20762	M	WestEurasia	TSI	.
200439_NA20799.hap1	X	NA20799	F	WestEurasia	TSI	.
200440_NA20799.hap2	X	NA20799	F	WestEurasia	TSI	.
200441_NA20805.hap1	Y	NA20805	M	WestEurasia	TSI	.
200442_NA20805.hap2	X	NA20805	M	WestEurasia	TSI	.
200443_NA20806.hap1	.	NA20806	M	WestEurasia	TSI	.
200444_NA20806.hap2	XY	NA20806	M	WestEurasia	TSI	.
200445_NA20809.hap1	Y	NA20809	M	WestEurasia	TSI	.
200446_NA20809.hap2	X	NA20809	M	WestEurasia	TSI	.
200447_NA20827.hap1	Y	NA20827	M	WestEurasia	TSI	.
200448_NA20827.hap2	X	NA20827	M	WestEurasia	TSI	.
200449_NA20850.hap1	Y	NA20850	M	SouthAsia	GIH	.
200450_NA20850.hap2	X	NA20850	M	SouthAsia	GIH	.
200451_NA20870.hap1	Y	NA20870	M	SouthAsia	GIH	.
200452_NA20870.hap2	X	NA20870	M	SouthAsia	GIH	.
200453_NA20905.hap1	Y	NA20905	M	SouthAsia	GIH	.
200454_NA20905.hap2	X	NA20905	M	SouthAsia	GIH	.
200455_NA21093.hap1	Y	NA21093	M	SouthAsia	GIH	.
200456_NA21093.hap2	X	NA21093	M	SouthAsia	GIH	.
200457_NA21102.hap1	X	NA21102	F	SouthAsia	GIH	.
200458_NA21102.hap2	X	NA21102	F	SouthAsia	GIH	.
200459_NA21106.hap1	X	NA21106	F	SouthAsia	GIH	.
200460_NA21106.hap2	X	NA21106	F	SouthAsia	GIH	.
200461_NA21110.hap1	X	NA21110	F	SouthAsia	GIH	.
200462_NA21110.hap2	X	NA21110	F	SouthAsia	GIH	.
200463_NA21144.hap1	X	NA21144	F	SouthAsia	GIH	.
200464_NA21144.hap2	X	NA21144	F	SouthAsia	GIH	.
210001_APR-F.hap1	Y	APR-F	M	WestEurasia	.	UnitedArabEmirates
210002_APR-F.hap2	X	APR-F	M	WestEurasia	.	UnitedArabEmirates
210003_APR-M.hap1	X	APR-M	F	WestEurasia	.	UnitedArabEmirates
210004_APR-M.hap2	X	APR-M	F	WestEurasia	.	UnitedArabEmirates
210005_APR001.hap1	X	APR001	F	WestEurasia	.	UnitedArabEmirates
210006_APR001.hap2	X	APR001	F	WestEurasia	.	UnitedArabEmirates
210007_APR002.hap1	X	APR002	F	WestEurasia	.	UnitedArabEmirates
210008_APR002.hap2	X	APR002	F	WestEurasia	.	UnitedArabEmirates
210009_APR003.hap1	Y	APR003	M	WestEurasia	.	UnitedArabEmirates
210010_APR003.hap2	X	APR003	M	WestEurasia	.	UnitedArabEmirates
210011_APR004.hap1	X	APR004	F	WestEurasia	.	UnitedArabEmirates
210012_APR004.hap2	X	APR004	F	WestEurasia	.	UnitedArabEmirates
210013_APR005.hap1	Y	APR005	M	WestEurasia	.	UnitedArabEmirates
210014_APR005.hap2	X	APR005	M	WestEurasia	.	UnitedArabEmirates
210015_APR006.hap1	Y	APR006	M	WestEurasia	.	UnitedArabEmirates
210016_APR006.hap2	X	APR006	M	WestEurasia	.	UnitedArabEmirates
210017_APR007.hap1	X	APR007	F	WestEurasia	.	UnitedArabEmirates
210018_APR007.hap2	X	APR007	F	WestEurasia	.	UnitedArabEmirates
210019_APR008.hap1	X	APR008	F	WestEurasia	.	UnitedArabEmirates
210020_APR008.hap2	X	APR008	F	WestEurasia	.	UnitedArabEmirates
210021_APR009.hap1	X	APR009	F	WestEurasia	.	UnitedArabEmirates
210022_APR009.hap2	X	APR009	F	WestEurasia	.	UnitedArabEmirates
210023_APR010.hap1	Y	APR010	M	WestEurasia	.	UnitedArabEmirates
210024_APR010.hap2	X	APR010	M	WestEurasia	.	UnitedArabEmirates
210025_APR011.hap1	X	APR011	F	WestEurasia	.	UnitedArabEmirates
210026_APR011.hap2	X	APR011	F	WestEurasia	.	UnitedArabEmirates
210027_APR012.hap1	Y	APR012	M	WestEurasia	.	UnitedArabEmirates
210028_APR012.hap2	X	APR012	M	WestEurasia	.	UnitedArabEmirates
210029_APR013.hap1	Y	APR013	M	WestEurasia	.	UnitedArabEmirates
210030_APR013.hap2	X	APR013	M	WestEurasia	.	UnitedArabEmirates
210031_APR014.hap1	X	APR014	F	WestEurasia	.	UnitedArabEmirates
210032_APR014.hap2	X	APR014	F	WestEurasia	.	UnitedArabEmirates
210033_APR015.hap1	X	APR015	F	WestEurasia	.	UnitedArabEmirates
210034_APR015.hap2	X	APR015	F	WestEurasia	.	UnitedArabEmirates
210035_APR016.hap1	X	APR016	F	WestEurasia	.	UnitedArabEmirates
210036_APR016.hap2	X	APR016	F	WestEurasia	.	UnitedArabEmirates
210037_APR018.hap1	X	APR018	F	WestEurasia	.	UnitedArabEmirates
210038_APR018.hap2	X	APR018	F	WestEurasia	.	UnitedArabEmirates
210039_APR019.hap1	X	APR019	F	WestEurasia	.	UnitedArabEmirates
210040_APR019.hap2	X	APR019	F	WestEurasia	.	UnitedArabEmirates
210041_APR020.hap1	X	APR020	F	WestEurasia	.	UnitedArabEmirates
210042_APR020.hap2	X	APR020	F	WestEurasia	.	UnitedArabEmirates
210043_APR021.hap1	X	APR021	F	WestEurasia	.	UnitedArabEmirates
210044_APR021.hap2	X	APR021	F	WestEurasia	.	UnitedArabEmirates
210045_APR022.hap1	X	APR022	F	WestEurasia	.	UnitedArabEmirates
210046_APR022.hap2	X	APR022	F	WestEurasia	.	UnitedArabEmirates
210047_APR023.hap1	Y	APR023	M	WestEurasia	.	UnitedArabEmirates
210048_APR023.hap2	X	APR023	M	WestEurasia	.	UnitedArabEmirates
210049_APR024.hap1	Y	APR024	M	WestEurasia	.	UnitedArabEmirates
210050_APR024.hap2	X	APR024	M	WestEurasia	.	UnitedArabEmirates
210051_APR025.hap1	Y	APR025	M	WestEurasia	.	UnitedArabEmirates
210052_APR025.hap2	X	APR025	M	WestEurasia	.	UnitedArabEmirates
210053_APR026.hap1	Y	APR026	M	WestEurasia	.	UnitedArabEmirates
210054_APR026.hap2	X	APR026	M	WestEurasia	.	UnitedArabEmirates
210055_APR027.hap1	X	APR027	F	WestEurasia	.	UnitedArabEmirates
210056_APR027.hap2	X	APR027	F	WestEurasia	.	UnitedArabEmirates
210057_APR029.hap1	X	APR029	F	WestEurasia	.	UnitedArabEmirates
210058_APR029.hap2	X	APR029	F	WestEurasia	.	UnitedArabEmirates
210059_APR030.hap1	X	APR030	F	WestEurasia	.	UnitedArabEmirates
210060_APR030.hap2	X	APR030	F	WestEurasia	.	UnitedArabEmirates
210061_APR031.hap1	X	APR031	F	WestEurasia	.	UnitedArabEmirates
210062_APR031.hap2	X	APR031	F	WestEurasia	.	UnitedArabEmirates
210063_APR032.hap1	X	APR032	F	WestEurasia	.	UnitedArabEmirates
210064_APR032.hap2	X	APR032	F	WestEurasia	.	UnitedArabEmirates
210065_APR033.hap1	Y	APR033	M	WestEurasia	.	UnitedArabEmirates
210066_APR033.hap2	X	APR033	M	WestEurasia	.	UnitedArabEmirates
210067_APR034.hap1	X	APR034	F	WestEurasia	.	UnitedArabEmirates
210068_APR034.hap2	X	APR034	F	WestEurasia	.	UnitedArabEmirates
210069_APR035.hap1	X	APR035	F	WestEurasia	.	UnitedArabEmirates
210070_APR035.hap2	X	APR035	F	WestEurasia	.	UnitedArabEmirates
210071_APR036.hap1	Y	APR036	M	WestEurasia	.	UnitedArabEmirates
210072_APR036.hap2	X	APR036	M	WestEurasia	.	UnitedArabEmirates
210073_APR037.hap1	X	APR037	F	WestEurasia	.	UnitedArabEmirates
210074_APR037.hap2	X	APR037	F	WestEurasia	.	UnitedArabEmirates
210075_APR038.hap1	Y	APR038	M	WestEurasia	.	UnitedArabEmirates
210076_APR038.hap2	X	APR038	M	WestEurasia	.	UnitedArabEmirates
210077_APR039.hap1	Y	APR039	M	WestEurasia	.	UnitedArabEmirates
210078_APR039.hap2	X	APR039	M	WestEurasia	.	UnitedArabEmirates
210079_APR040.hap1	X	APR040	F	WestEurasia	.	UnitedArabEmirates
210080_APR040.hap2	X	APR040	F	WestEurasia	.	UnitedArabEmirates
210081_APR041.hap1	Y	APR041	M	WestEurasia	.	UnitedArabEmirates
210082_APR041.hap2	X	APR041	M	WestEurasia	.	UnitedArabEmirates
210083_APR042.hap1	Y	APR042	M	WestEurasia	.	SaudiArabia
210084_APR042.hap2	X	APR042	M	WestEurasia	.	SaudiArabia
210085_APR043.hap1	X	APR043	F	WestEurasia	.	SaudiArabia
210086_APR043.hap2	X	APR043	F	WestEurasia	.	SaudiArabia
210087_APR044.hap1	X	APR044	F	WestEurasia	.	Egypt
210088_APR044.hap2	X	APR044	F	WestEurasia	.	Egypt
210089_APR045.hap1	Y	APR045	M	WestEurasia	.	Egypt
210090_APR045.hap2	X	APR045	M	WestEurasia	.	Egypt
210091_APR046.hap1	Y	APR046	M	WestEurasia	.	Jordan
210092_APR046.hap2	X	APR046	M	WestEurasia	.	Jordan
210093_APR047.hap1	X	APR047	F	WestEurasia	.	Syria
210094_APR047.hap2	X	APR047	F	WestEurasia	.	Syria
210095_APR048.hap1	X	APR048	F	WestEurasia	.	Oman
210096_APR048.hap2	X	APR048	F	WestEurasia	.	Oman
210097_APR049.hap1	Y	APR049	M	WestEurasia	.	Oman
210098_APR049.hap2	X	APR049	M	WestEurasia	.	Oman
210099_APR050.hap1	Y	APR050	M	WestEurasia	.	Morocco
210100_APR050.hap2	X	APR050	M	WestEurasia	.	Morocco
210101_APR051.hap1	Y	APR051	M	WestEurasia	.	Morocco
210102_APR051.hap2	X	APR051	M	WestEurasia	.	Morocco
210103_APR052.hap1	X	APR052	F	WestEurasia	.	Yemen
210104_APR052.hap2	X	APR052	F	WestEurasia	.	Yemen
